championnat,paris_regles,victoires,taux_reussite_pct,roi_pct,profit_unites,nuls_perdus,cote_moyenne,en_attente,periode
Bundesliga,8,5,62.5,58.5,4.68,1,2.57,0,2026-09-04 → 2026-09-20
La Liga,11,6,54.5,46.7,5.14,2,2.85,1,2026-08-31 → 2026-09-17
Premier League,10,5,50.0,39.5,3.95,2,3.89,0,2026-08-31 → 2026-09-20
Serie A,12,4,33.3,27.9,3.35,2,3.83,0,2026-08-31 → 2026-09-20
Europa League,14,5,35.7,27.1,3.79,4,3.3,0,2026-09-16 → 2026-09-17
Süper Lig,9,4,44.4,8.9,0.8,2,3.08,0,2026-08-31 → 2026-09-20
Jupiler Pro League,10,5,50.0,7.5,0.75,1,2.8,0,2026-09-02 → 2026-09-20
Liga Portugal,12,4,33.3,2.3,0.28,5,3.15,0,2026-09-05 → 2026-09-20
MLS,27,11,40.7,-13.3,-3.59,7,2.31,2,2026-09-04 → 2026-09-27
Ligue 2,15,4,26.7,-19.3,-2.9,7,2.87,0,2026-08-31 → 2026-09-19
Eredivisie,8,1,12.5,-41.2,-3.3,2,3.97,0,2026-09-05 → 2026-09-20
Nations League,23,5,21.7,-60.7,-13.95,6,2.85,12,2026-09-24 → 2026-09-28
Ligue 1,6,1,16.7,-65.0,-3.9,1,4.0,0,2026-09-03 → 2026-09-20
Carabao Cup,1,0,0.0,-100.0,-1.0,0,2.85,8,2026-09-08 → 2026-09-16
Champions League,6,0,0.0,-100.0,-6.0,1,3.7,0,2026-09-08 → 2026-09-10
Coppa Italia,0,0,,,0.0,0,,2,2026-09-01 → 2026-09-15
