league,total,settled,wins,draws_won,losses,hit_rate_vn_pct,roi_vn_pct,profit_units,avg_odds,pending,no_odds
Liga Portugal,12,12,9,5,3,75.0,139.2,16.7,3.15,0,0
Premier League,10,10,7,2,3,70.0,114.0,11.4,3.89,0,0
Europa League,14,14,9,4,5,64.3,113.4,15.87,3.3,0,0
Ligue 2,15,15,11,7,4,73.3,103.0,15.45,2.87,0,0
Süper Lig,9,9,6,2,3,66.7,102.8,9.25,3.08,0,0
La Liga,12,11,8,2,3,72.7,93.5,10.29,2.85,1,0
Bundesliga,8,8,6,1,2,75.0,84.1,6.73,2.57,0,0
Serie A,12,12,6,2,6,50.0,62.5,7.5,3.83,0,0
MLS,29,27,18,7,9,66.7,40.7,10.98,2.31,2,0
Jupiler Pro League,10,10,6,1,4,60.0,29.5,2.95,2.8,0,0
Eredivisie,8,8,3,2,5,37.5,26.2,2.1,3.97,0,0
Ligue 1,6,6,2,1,4,33.3,15.0,0.9,4.0,0,0
Nations League,35,23,11,6,12,47.8,-3.7,-0.86,2.85,12,0
Champions League,6,6,1,1,5,16.7,-33.3,-2.0,3.7,0,0
Carabao Cup,9,1,0,0,1,0.0,-100.0,-1.0,2.85,8,0
